0,208469.051324675
0.1,211611.537777353
0.2,214784.170915217
0.3,217985.781131303
0.4,221215.148712681
0.5,224471.003922014
0.6,227752.027164736
0.7,231056.849243442
0.8,234384.051700914
0.9,237732.167253015
1,241099.680312563
1.1,244485.027605057
1.2,247886.598877004
1.3,251302.737697356
1.4,254731.742352405
1.5,258171.866834264
1.6,261621.321922885
1.7,265078.27636132
1.8,268540.858123767
1.9,272007.155775693
2,275475.219925138
2.1,278943.064764076
2.2,282408.669698502
2.3,285869.981065686
2.4,289324.913936838
2.5,292771.354003208
2.6,296207.159543409
2.7,299630.163469585
2.8,303038.175449808
2.9,306428.984103883
3,309800.359269564
3.1,313150.054335964
3.2,316475.808640776
3.3,319775.349927708
3.4,323046.396860394
3.5,326286.661588847
3.6,329493.852364365
3.7,332665.676198646
3.8,335799.841562728
3.9,338894.061121218
4,341946.054497166
4.1,344953.551062811
4.2,347914.292751306
4.3,350826.036884468
4.4,353686.559011472
4.5,356493.655753372
4.6,359245.147648227
4.7,361938.881991608
4.8,364572.735667182
4.9,367144.617962066
5,369652.473361622
5.1,372094.284318368
5.2,374468.073989681
5.3,376771.908939013
5.4,379003.901795354
5.5,381162.213865743
5.6,383245.057695686
5.7,385250.699572416
5.8,387177.461966015
5.9,389023.725903527
6,390787.933271288
6.1,392468.589040842
6.2,394064.263413945
6.3,395573.593882276
6.4,396995.287197695
6.5,398328.121248988
6.6,399570.946841271
6.7,400722.689374381
6.8,401782.350416806
6.9,402749.009171893
7,403621.823833297
7.1,404400.032826868
7.2,405082.95593638
7.3,405669.995310766
7.4,406160.636350766
7.5,406554.448473113
7.6,406851.085750688
7.7,407050.287427281
7.8,407151.8783059
7.9,407155.76900979
8,407061.956115645
8.1,406870.522158709
8.2,406581.635509762
8.3,406195.550124258
8.4,405712.605164133
8.5,405133.224493068
8.6,404457.916046286
8.7,403687.271076174
8.8,402821.963275335
8.9,401862.747778872
9,400810.460048021
9.1,399666.014637416
9.2,398430.403848584
9.3,397104.696272451
9.4,395690.035223875
9.5,394187.637071443
9.6,392598.789465988
9.7,390924.849471447
9.8,389167.241601917
9.9,387327.455768903
10,385407.045142955
10.1,383407.623934034
10.2,381330.865095093
10.3,379178.497953513
10.4,376952.305775134
10.5,374654.123265768
10.6,372285.834015144
10.7,369849.367888359
10.8,367346.698369964
10.9,364779.839865881
11,362150.844968413
11.1,359461.801689621
11.2,356714.830668399
11.3,353912.082356556
11.4,351055.734189257
11.5,348147.987745107
11.6,345191.065901201
11.7,342187.209988364
11.8,339138.676951802
11.9,336047.7365223
12,332916.668403029
12.1,329747.759476955
12.2,326543.301039726
12.3,323305.586062833
12.4,320036.906491689
12.5,316739.550583181
12.6,313415.800287086
12.7,310067.928675609
12.8,306698.197425141
12.9,303308.854354185
13,299902.131021211
13.1,296480.240386032
13.2,293045.374538121
13.3,289599.702495085
13.4,286145.368074315
13.5,282684.487840654
13.6,279219.1491327
13.7,275751.408170154
13.8,272283.288244442
13.9,268816.777994587
14,265353.82977012
14.1,261896.358082605
14.2,258446.238147119
14.3,255005.304514829
14.4,251575.349797592
14.5,248158.123485276
14.6,244755.330856312
14.7,241368.631981757
14.8,237999.640822945
14.9,234649.924422621
15,231321.002189219
15.1,228014.345273779
15.2,224731.376038797
15.3,221473.467618114
15.4,218241.943566787
15.5,215038.077599687
15.6,211863.093417424
15.7,208718.164618047
15.8,205604.41469277
15.9,202522.917103899
16,199474.695442932
16.1,196460.723666723
16.2,193481.926409452
16.3,190539.179368051
16.4,187633.309758611
16.5,184765.096841227
16.6,181935.272510613
16.7,179144.521949802
16.8,176393.484344097
16.9,173682.753652459
17,171012.879433413
17.1,168384.36772253
17.2,165797.681958512
17.3,163253.243954879
17.4,160751.434914231
17.5,158292.596482069
17.6,155877.031837137
17.7,153505.00681527
17.8,151176.75106374
17.9,148892.459223124
18,146652.292133726
18.1,144456.378063648
18.2,142304.813955627
18.3,140197.666689815
18.4,138134.974359728
18.5,136116.747558649
18.6,134142.970673842
18.7,132213.603185991
18.8,130328.580971368
18.9,128487.817604295
19,126691.205657555
19.1,124938.617998494
19.2,123229.909078637
19.3,121564.916214723
19.4,119943.460859182
19.5,118365.349858128
19.6,116830.376695082
19.7,115338.322718688
19.8,113888.958352817
19.9,112482.044287526
20,111117.332649441
20.1,109794.568150214
20.2,108513.489211836
20.3,107273.829067607
20.4,106075.316837735
20.5,104917.678578559
20.6,103800.638304503
20.7,102723.918981958
20.8,101687.243494339
20.9,100690.335577672
21,99732.9207261168
21.1,98814.7270669113
21.2,97935.4862042825
21.3,97094.9340319388
21.4,96292.8115138108
21.5,95528.8654327638
21.6,94802.8491070564
21.7,94114.5230743659
21.8,93463.655743243
21.9,92850.0240118967
22,92273.4138542467
22.1,91733.6208732071
22.2,91230.4508211971
22.3,90763.7200878911
22.4,90333.2561552457
22.5,89938.8980198515
22.6,89580.4965826739
22.7,89257.9150062522
22.8,88971.0290394347
22.9,88719.7273097294
23,88503.9115833507
23.1,88323.4969930379
23.2,88178.4122337206
23.3,88068.5997260966
23.4,87994.0157481808
23.5,87954.6305348743
23.6,87950.4283455913
23.7,87981.4074999712
23.8,88047.5803816881
23.9,88148.973410362
24,88285.6269815576
24.1,88457.5953748493
24.2,88664.9466299163
24.3,88907.7623906215
24.4,89186.1377170172
24.5,89500.1808652145
24.6,89850.013035043
24.7,90235.7680854242
24.8,90657.5922173807
24.9,91115.6436245996
25,91610.0921114725
25.1,92141.1186785407
25.2,92708.9150752792
25.3,93313.6833201678
25.4,93955.6351880089
25.5,94634.9916644739
25.6,95351.9823678769
25.7,96106.8449382047
25.8,96899.8243934597
25.9,97731.1724534041
26,98601.1468308355
26.1,99510.0104905602
26.2,100458.030876281
26.3,101445.479105665
26.4,102472.629133899
26.5,103539.756886126
26.6,104647.139359181
26.7,105795.053693137
26.8,106983.776213228
26.9,108213.581442793
27,109484.741087955
27.1,110797.522994833
27.2,112152.190080163
27.3,113548.999236288
27.4,114988.200211568
27.5,116470.034467334
27.6,117994.734012626
27.7,119562.520218028
27.8,121173.602609997
27.9,122828.177647213
28,124526.427480529
28.1,126268.518698221
28.2,128054.601058331
28.3,129884.80620997
28.4,131759.246405569
28.5,133678.013206132
28.6,135641.176181652
28.7,137648.781608926
28.8,139700.851169102
28.9,141797.380647363
29,143938.338637232
29.1,146123.665252064
29.2,148353.270846359
29.3,150627.03474958
29.4,152944.804015258
29.5,155306.392188176
29.6,157711.578092508
29.7,160160.104643825
29.8,162651.677687896
29.9,165185.964869289
30,167762.594532742
30.1,170381.154660351
30.2,173041.191847574
30.3,175742.210321103
30.4,178483.671001611
30.5,181264.990614386
30.6,184085.54085083
30.7,186944.647583793
30.8,189841.590139625
30.9,192775.600629839
31,195745.863345163
31.1,198751.514214752
31.2,201791.640333182
31.3,204865.27955785
31.4,207971.420179231
31.5,211109.000666399
31.6,214276.909490075
31.7,217473.985025365
31.8,220699.015536219
31.9,223950.739243495
32,227227.844478398
32.1,230528.969922884
32.2,233852.70493847
32.3,237197.589984749
32.4,240562.117128703
32.5,243944.730645751
32.6,247343.827713283
32.7,250757.759197244
32.8,254184.830532126
32.9,257623.302694548
33,261071.393270386
33.1,264527.277615212
33.2,267989.090107603
33.3,271454.925494652
33.4,274922.840328825
33.5,278390.854495058
33.6,281856.95282681
33.7,285319.086809553
33.8,288775.176369959
33.9,292223.111748847
34,295660.755455733
34.1,299085.944302606
34.2,302496.491514369
34.3,305890.188913148
34.4,309264.809173504
34.5,312618.108145366
34.6,315947.827241318
34.7,319251.695884697
34.8,322527.434014767
34.9,325772.754645071
35,328985.366470902
35.1,332162.976521666
35.2,335303.29285378
35.3,338404.02727959
35.4,341462.898127679
35.5,344477.633029815
35.6,347445.971729671
35.7,350365.668908355
35.8,353234.497021704
35.9,356050.249144222
36,358810.741814466
36.1,361513.817876634
36.2,364157.349313089
36.3,366739.240062493
36.4,369257.428818238
36.5,371709.891801827
36.6,374094.645505911
36.7,376409.749401666
36.8,378653.308605252
36.9,380823.476498153
37,382918.45729623
37.1,384936.508562423
37.2,386875.943658095
37.3,388735.134128138
37.4,390512.512015057
37.5,392206.572097353
37.6,393815.874047714
37.7,395339.044506594
37.8,396774.77906699
37.9,398121.844166348
38,399379.078881714
38.1,400545.396624452
38.2,401619.786731037
38.3,402601.315946625
38.4,403489.129798337
38.5,404282.453855411
38.6,404980.594873596
38.7,405582.941821406
38.8,406088.9667861
38.9,406498.225757489
39,406810.359287941
39.1,407025.093027192
39.2,407142.238130852
39.3,407161.691541747
39.4,407083.436143507
39.5,406907.540786079
39.6,406634.160183107
39.7,406263.534681407
39.8,405795.989903003
39.9,405231.936260483
40,404571.868346694
40.1,403816.364200049
40.2,402966.084446975
40.3,402021.771323304
40.4,400984.247576652
40.5,399854.41525205
40.6,398633.254363384
40.7,397321.821453371
40.8,395921.248045086
40.9,394432.738988211
41,392857.570703444
41.1,391197.089328657
41.2,389452.708770631
41.3,387625.908666328
41.4,385718.23225788
41.5,383731.284185595
41.6,381666.728203469
41.7,379526.284821789
41.8,377311.728881583
41.9,375024.887065756
42,372667.635351867
42.1,370241.896411599
42.2,367749.636962043
42.3,365192.865073981
42.4,362573.627442416
42.5,359894.006624641
42.6,357156.118251133
42.7,354362.108214639
42.8,351514.149842733
42.9,348614.441059212
43,345665.20153958
43.1,342668.669865919
43.2,339627.100686328
43.3,336542.761884098
43.4,333417.9317617
43.5,330254.896244581
43.6,327055.946109674
43.7,323823.374243416
43.8,320559.472933965
43.9,317266.531202162
44,313946.832175676
44.1,310602.650510595
44.2,307236.249864605
44.3,303849.880425708
44.4,300445.776500288
44.5,297026.15416414
44.6,293593.208979906
44.7,290149.113784159
44.8,286696.016547217
44.9,283236.038308512
45,279771.271190207
45.1,276303.776491482
45.2,272835.582865756
45.3,269368.684582853
45.4,265905.039877944
45.5,262446.569388859
45.6,258995.154683162
45.7,255552.636876151
45.8,252120.815340747
45.9,248701.446510014
46,245296.242772831
46.1,241906.871463058
46.2,238534.953942278
46.3,235182.064776066
46.4,231849.731003456
46.5,228539.431499147
46.6,225252.596427769
46.7,221990.606789339
46.8,218754.794054877
46.9,215546.439890962
47,212366.775971859
47.1,209216.983877654
47.2,206098.195076732
47.3,203011.490990735
47.4,199957.903140036
47.5,196938.413367616
47.6,193953.954139115
47.7,191005.408916723
47.8,188093.612604453
47.9,185219.352062252
48,182383.366686338
48.1,179586.349053019
48.2,176828.945623251
48.3,174111.757505066
48.4,171435.341270993
48.5,168800.209827521
48.6,166206.833333648
48.7,163655.640165503
48.8,161147.017924034
48.9,158681.314482729
49,156258.839072341
49.1,153879.863399607
49.2,151544.622796936
49.3,149253.317400087
49.4,147006.113350885
49.5,144803.144022031
49.6,142644.511261142
49.7,140530.286651183
49.8,138460.512784497
49.9,136435.204547726
50,134454.350414952
50.1,132517.913746476
50.2,130625.834090715
50.3,128778.028486775
50.4,126974.392765345
50.5,125214.802845633
50.6,123499.116026154
50.7,121827.172267269
50.8,120198.795463477
50.9,118613.794703515
51,117071.965516471
51.1,115573.091102165
51.2,114116.943544159
51.3,112703.285003864
51.4,111331.868894289
51.5,110002.441032085
51.6,108714.740766614
51.7,107468.502084875
51.8,106263.454691211
51.9,105099.325060793
52,103975.837465976
52.1,102892.714974701
52.2,101849.680420192
52.3,100846.457341273
52.4,99882.7708927222
52.5,98958.3487251102
52.6,98072.9218336867
52.7,97226.2253758991
52.8,96417.9994572092
52.9,95647.9898849241
53,94915.948889804
53.1,94221.6358152646
53.2,93564.8177740246
53.3,92945.2702721016
53.4,92362.7778000782
53.5,91817.1343916077
53.6,91308.1441491424
53.7,90835.6217369005
53.8,90399.392841101
53.9,89999.2945975165
54,89635.1759864022
54.1,89306.8981948736
54.2,89014.334946806
54.3,88757.3728003385
54.4,88535.9114130592
54.5,88349.8637749523
54.6,88199.1564091793
54.7,88083.7295407634
54.8,88003.537233236
54.9,87958.5474932961
55,87948.7423435224
55.1,87974.1178631672
55.2,88034.6841970463
55.3,88130.465532531
55.4,88261.5000446305
55.5,88427.8398091455
55.6,88629.5506838572
55.7,88866.7121577087
55.8,89139.4171679238
55.9,89447.7718849987
56,89791.8954654961
56.1,90171.9197725673
56.2,90587.9890641202
56.3,91040.2596485556
56.4,91528.8995079926
56.5,92054.0878889089
56.6,92616.0148601312
56.7,93214.8808381188
56.8,93850.8960795002
56.9,94524.280140839
57,95235.261305626
57.1,95984.0759785215
57.2,96770.968046899
57.3,97596.1882097734
57.4,98459.9932742373
57.5,99362.645419567
57.6,100304.411429203
57.7,101285.561890865
57.8,102306.370365104
57.9,103367.11252267
58,104468.065251097
58.1,105609.505731031
58.2,106791.710482822
58.3,108014.954384044
58.4,109279.509658617
58.5,110585.644838343
58.6,111933.623697699
58.7,113323.704162838
58.8,114756.137195843
58.9,116231.165655337
59,117749.023134671
59.1,119309.932778999
59.2,120914.106082614
59.3,122561.741668058
59.4,124253.024048569
59.5,125988.122375561
59.6,127767.189172896
59.7,129590.359059815
59.8,131457.747464495
59.9,133369.449330275
60,135325.537816697
60.1,137326.062997577
60.2,139371.050558438
60.3,141460.500495691
60.4,143594.385820029
60.5,145772.651266607
60.6,147995.212014605
60.7,150261.952418876
60.8,152572.724756429
60.9,154927.347990538
61,157325.606555359
61.1,159767.249163927
61.2,162251.987642501
61.3,164779.495794214
61.4,167349.408295025
61.5,169961.319624994
61.6,172614.783037912
61.7,175309.309572293
61.8,178044.367106777
61.9,180819.379462932
62,183633.725558462
62.1,186486.738613762
62.2,189377.705414747
62.3,192305.865634833
62.4,195270.411218869
62.5,198270.485831783
62.6,201305.184374614
62.7,204373.552570527
62.8,207474.586623302
62.9,210607.232950715
63,213770.387995092
63.1,216962.898113211
63.2,220183.559547622
63.3,223431.118481271
63.4,226704.271177228
63.5,230001.664205145
63.6,233321.89475589
63.7,236663.511045702
63.8,240025.012810973
63.9,243404.851894631
64,246801.4329249
64.1,250213.114087039
64.2,253638.207988436
64.3,257074.982617287
64.4,260521.662394826
64.5,263976.429320935
64.6,267437.424212702
64.7,270902.748035299
64.8,274370.463324351
64.9,277838.595698753
65,281305.135462642
65.1,284768.039295081
65.2,288225.232025712
65.3,291674.608494509
65.4,295114.035493485
65.5,298541.35378801
65.6,301954.38021523
65.7,305350.909856804
65.8,308728.71828303
65.9,312085.563865212
66,315419.190152932
66.1,318727.32831271
66.2,322007.69962434
66.3,325258.018031044
66.4,328475.992739398
66.5,331659.33086483
66.6,334805.740118369
66.7,337912.931530123
66.8,340978.622204911
66.9,344000.538105288
67,346976.416857124
67.1,349904.010572798
67.2,352781.088686959
67.3,355605.44079975
67.4,358374.879522308
67.5,361087.24331932
67.6,363740.39934334
67.7,366332.246255571
67.8,368860.71702779
67.9,371323.781720078
68,373719.450229044
68.1,376045.77500123
68.2,378300.853706449
68.3,380482.831865803
68.4,382589.905429256
68.5,384620.323297642
68.6,386572.389784112
68.7,388444.46701012
68.8,390234.977231121
68.9,391942.40508733
69,393565.29977497
69.1,395102.277133622
69.2,396552.021645422
69.3,397913.288342014
69.4,399184.904615369
69.5,400365.771928739
69.6,401454.867424221
69.7,402451.24542362
69.8,403354.038819493
69.9,404162.4603535
70,404875.8037794
70.1,405493.444908272
70.2,406014.842533779
70.3,406439.539235556
70.4,406767.162059024
70.5,406997.423070228
70.6,407130.119784522
70.7,407165.135468205
70.8,407102.439312491
70.9,406942.086479428
71,406684.218019675
71.1,406329.060662329
71.2,405876.926477205
71.3,405328.212410316
71.4,404683.399693496
71.5,403943.053129423
71.6,403107.820253525
71.7,402178.430374515
71.8,401155.693495582
71.9,400040.49911845
72,398833.814932826
72.1,397536.685393938
72.2,396150.230191122
72.3,394675.642610616
72.4,393114.18779595
72.5,391467.200909508
72.6,389736.085199029
72.7,387922.309973024
72.8,386027.408489213
72.9,384052.975760298
73,382000.66628151
73.1,379872.191684509
73.2,377669.318322368
73.3,375393.864790463
73.4,373047.699388207
73.5,370632.737526677
73.6,368150.939087214
73.7,365604.305736212
73.8,362994.878201312
73.9,360324.733514272
74,357595.982225851
74.1,354810.765597996
74.2,351971.252778682
74.3,349079.63796473
74.4,346138.137557878
74.5,343148.987319402
74.6,340114.439528475
74.7,337036.760149456
74.8,333918.226013179
74.9,330761.122017264
75,327567.738350365
75.1,324340.367745174
75.2,321081.302764881
75.3,317792.833127668
75.4,314477.243073682
75.5,311136.808778797
75.6,307773.795819297
75.7,304390.456691495
75.8,300989.028390102
75.9,297571.73004899
76,294140.760647829
76.1,290698.29678787
76.2,287246.490539978
76.3,283787.467367785
76.4,280323.324128675
76.5,276856.127155069
76.6,273387.910418292
76.7,269920.673777086
76.8,266456.381312621
76.9,262996.959751629
77,259544.296979106
77.1,256100.240641753
77.2,252666.596843181
77.3,249245.128931635
77.4,245837.556380805
77.5,242445.553764084
77.6,239070.749822414
77.7,235714.726625667
77.8,232379.018827301
77.9,229065.113011835
78,225774.447134505
78.1,222508.410052263
78.2,219268.341145106
78.3,216055.530026565
78.4,212871.216341972
78.5,209716.589653015
78.6,206592.789406899
78.7,203500.904988298
78.8,200441.975852143
78.9,197416.991735155
79,194426.892943926
79.1,191472.570717203
79.2,188554.867659965
79.3,185674.578246744
79.4,182832.449391588
79.5,180029.181081966
79.6,177265.427073829
79.7,174541.795645021
79.8,171858.850404133
79.9,169217.111151881
80,166617.054792031
80.1,164059.11628889
80.2,161543.689668334
80.3,159071.129059358
80.4,156641.749773109
80.5,154255.829416395
80.6,151913.609036638
80.7,149615.294295297
80.8,147361.056666786
80.9,145151.034659968
81,142985.33505932
81.1,140864.03418294
81.2,138787.179154598
81.3,136754.789187099
81.4,134766.856874292
81.5,132823.349489125
81.6,130924.210285204
81.7,129069.359799423
81.8,127258.697153278
81.9,125492.101350583
82,123769.432569381
82.1,122090.533445934
82.2,120455.230348773
82.3,118863.334640869
82.4,117314.643928093
82.5,115808.943292211
82.6,114346.006506768
82.7,112925.597234302
82.8,111547.470203436
82.9,110211.372364456
83,108917.044022127
83.1,107664.219944535
83.2,106452.630446883
83.3,105282.002449208
83.4,104152.060507124
83.5,103062.527814721
83.6,102013.127178882
83.7,101003.581964326
83.8,100033.617008763
83.9,99102.959507632
84,98211.3398679433
84.1,97358.4925308155
84.2,96544.156762364
84.3,95768.0774126414
84.4,95030.0056423923
84.5,94329.6996174262
84.6,93666.9251704595
84.7,93041.4564303145
84.8,92453.0764184048
84.9,91901.5776124574
85,91386.7624774624
85.1,90908.4439638554
85.2,90466.4459729632
85.3,90060.6037897573
85.4,89690.7644829747
85.5,89356.7872726749
85.6,89058.5438653068
85.7,88795.9187563663
85.8,88568.8095007241
85.9,88377.1269507021
86,88220.7954619724
86.1,88099.7530673498
86.2,88013.9516185363
86.3,87963.3568958735
86.4,87947.9486861393
86.5,87967.7208284242
86.6,88022.6812281023
86.7,88112.8518389031
86.8,88238.2686130778
86.9,88398.9814196394
87,88595.0539306455
87.1,88826.5634754812
87.2,89093.6008630879
87.3,89396.2701720764
87.4,89734.6885086541
87.5,90108.985732292
87.6,90519.3041490511
87.7,90965.7981724892
87.8,91448.6339520691
87.9,91967.9889689937
88,92524.0515993999
88.1,93117.0206448545
88.2,93747.1048301087
88.3,94414.5222680837
88.4,95119.4998920818
88.5,95862.2728552416
88.6,96643.0838972855
88.7,97462.1826786346
88.8,98319.8250820101
88.9,99216.272481676
89,100151.79098052
89.1,101126.650615225
89.2,102141.124529825
89.3,103195.48811801
89.4,104290.018134587
89.5,105424.991776587
89.6,106600.685734557
89.7,107817.375214658
89.8,109075.332932267
89.9,110374.82807785
90,111716.125255944
90.1,113099.483398212
90.2,114525.154651556
90.3,115993.383242416
90.4,117504.404318449
90.5,119058.442768868
90.6,120655.71202483
90.7,122296.412841344
90.8,123980.732062261
90.9,125708.841370023
91,127480.896021912
91.1,129297.033574664
91.2,131157.372599382
91.3,133062.011388788
91.4,135011.026658941
91.5,137004.472247632
91.6,139042.37781176
91.7,141124.747526066
91.8,143251.558785694
91.9,145422.760915113
92,147638.273886006
92.1,149897.987046813
92.2,152201.757866667
92.3,154549.410696499
92.4,156940.735550202
92.5,159375.486908705
92.6,161853.382549926
92.7,164374.102407552
92.8,166937.287461645
92.9,169542.538664093
93,172189.415901922
93.1,174877.437001504
93.2,177606.076776681
93.3,180374.766123817
93.4,183182.891166785
93.5,186029.792454818
93.6,188914.764216197
93.7,191837.053670608
93.8,194795.860403024
93.9,197790.33580187
94,200819.582564141
94.1,203882.654270101
94.2,206978.555030069
94.3,210106.239205713
94.4,213264.611208164
94.5,216452.525375146
94.6,219668.785929188
94.7,222912.147018863
94.8,226181.312844851
94.9,229474.937872474
95,232791.627132204
95.1,236129.936609474
95.2,239488.373724957
95.3,242865.397906303
95.4,246259.42125215
95.5,249668.809289011
95.6,253091.881821491
95.7,256526.913876045
95.8,259972.136738333
95.9,263425.739083964
96,266885.868202297
96.1,270350.631312658
96.2,273818.096972216
96.3,277286.296574454
96.4,280753.225937059
96.5,284216.846977721
96.6,287675.089476235
96.7,291125.852920988
96.8,294567.008437759
96.9,297996.400798542
97,301411.85050784
97.1,304811.155963774
97.2,308192.09569104
97.3,311552.430642626
97.4,314889.906566979
97.5,318202.256437126
97.6,321487.202938089
97.7,324742.461008726
97.8,327965.740434006
97.9,331154.748483543
98,334307.192592066
98.1,337420.783077356
98.2,340493.235891068
98.3,343522.275397719
98.4,346505.637177001
98.5,349441.070844503
98.6,352326.342885816
98.7,355159.239498907
98.8,357937.569439613
98.9,360659.166865012
99,363321.89416941
99.1,365923.644807633
99.2,368462.346100314
99.3,370935.962015832
99.4,373342.495923591
99.5,375679.993313325
99.6,377946.544475164
99.7,380140.287135225
99.8,382259.409041555
99.9,384302.150495327
100,386266.806822271
